scrape_date,company,location,posted_time_ago,applicant_number,job_title,job_description,level,employment_type,job_function,industries
2024-02-26 00:11,Energy Jobline,"Granton, Ontario, Canada",6 days ago,,"Développeur ServiceNow in Metropolitan, ON, Canada","We are looking for a Développeur ServiceNowEnergy Jobline would like to introduce the role of Développeur ServiceNow based in Metropolitan, ON, Canada. If you think you are a suitable match for this role, please hit the apply button for more details.Certified Application Specialist* * Rédaction technique *le candidat idéal possèderas cette certification ou devra démontrer qu'il ou elle est en processus de certificationPLEASE NOTE: This job is supplied by a trusted partner. In order to read the full job description please click the 'apply' button. If you are a registered site member with an uploaded CV, you will be passed straight through. If not, then you will be asked to register a free account with us.
        


        
            Show more
          

          



        
            Show less",Entry level,Full-time,Engineering and Information Technology,Staffing and Recruiting
